,analog / digital,practice/profession
graphic,5,
communication,3,
courses,5,3
visual,4,
degree,,3
practice,,
curriculum,,3
creative,,
studio,,5
social,,6
designers,5,7
undergraduate,,4
develop,,4
graphics,5,
learn,,4
professional,,8
areas,,
faculty,,4
range,,
projects,,
communications,4,
experience,,6
student,,2
motion,7,
skills,,
become,,
opportunities,,6
learning,,4
offers,,
focus,,
ideas,,
branding,4,6
around,,
expertise,,6
environments,,
interaction,8,
solving,6,6
publication,3,
graduates,,5
core,,
experiences,,4
engage,,
emphasis,,
culture,4,
programs,5,4
explore,5,
club,,
forms,4,
problem,,
packaging,5,6
major,,4
future,6,
required,,
theory,,
broad,,
create,,
career,,8
provides,,
dedicated,,
wide,,
field,,4
tracks,,4
customize,,
study,,4
industry,6,6
critical,,
individual,,
making,,
directors,,
advertising,6,
classes,,4
magazines,3,
websites,8,
film,6,
comprehensive,,
others,,
studios,,
course,,
electives,,4
inside,,
senior,,4
independent,,
interests,,
allows,,
theories,,4
methods,,4
majors,,4
discipline,,4
environment,5,
visiting,,
begin,,
conceptual,,
pursue,,
internships,,8
bachelor,,4
collaborative,,
interdisciplinary,,4
allowing,,
single,,
opportunity,,
companies,,8
disciplines,,
arts,3,
print,3,
innovative,6,
teaching,,4
experimentation,,3
interface,7,
environmental,,
organizations,,7
york,,
commercial,6,7
political,,
apps,9,
posters,4,
technical,,6
among,,
sequence,,
specialized,,
body,,
identities,,
leading,,
professionals,,8
across,,
process,,3
separate,,
meaningful,,
exchange,,
traditional,4,
everything,,
critics,,
offering,,
perspectives,,
formal,,
thinking,,4
junior,,4
play,,
fundamental,,
physical,,
craft,3,4
facilitate,,
choose,,
approach,,4
shows,,
introduces,,
path,,4
third,,
track,,
choosing,,
innovation,6,
exploration,,
hosts,,
abroad,,
designer,,6
interested,,
offer,,
campus,,4
series,,
cultural,4,
educational,,3
focused,,
engagement,,4
context,,4
role,,
highly,,
alumni,,6
throughout,,
careers,,8
identity,4,
annual,,
competitions,,6
shapes,4,
meaning,,
impact,,
logos,4,
countless,,
look,,
words,4,
images,4,
apply,,
leaders,,6
working,,
spatial,4,
ability,,4
gain,,
intellectual,,4
applications,7,
built,,
build,,
offered,,
juniors,,4
seniors,,4
providing,,4
strategies,,4
draw,2,
understanding,,4
principles,,4
engaged,,
sustainable,,
critique,,4
refine,,
entrepreneurship,6,9
contemporary,6,
historical,,
candidates,,
facilities,,
covering,,
designing,,
talents,,
builds,,
placed,,
specific,,
summer,,
boundaries,,6
communicate,4,
networked,,6
ambitious,,
along,,
value,,
creating,,
industrial,6,7
emphasizes,,
importance,,
interactions,7,
framework,,3
spaces,,
processes,,2
complex,,
enables,,
example,,
exposure,,
emerge,,4
spring,,
sophomore,,4
expand,,
multidisciplinary,,4
teams,,
attended,,4
helps,,
particularly,,
growing,,3
problems,,
businesses,7,
institutions,,4
demand,,
firms,6,7
possibilities,,
potential,,4
designed,,
whether,,
generation,,
mobile,9,6
device,7,
covered,,
concentrate,,
multiple,,
options,,
fine,,3
minor,,4
studies,,4
effective,,
encourages,,
methodologies,,4
issues,,
technologies,7,
ethical,,4
communities,4,3
materials,4,4
construction,,3
directly,,
situated,,
exhibition,,
essential,,4
universal,,
tool,,6
communicating,4,
personality,,
imaginable,,
solutions,,6
compelling,,
readily,,
scope,,
different,,
entire,,
individuals,,
intensive,,
exciting,,
agencies,,
housed,,
participate,,3
inspiration,,
industries,,7
paths,,
publishing,3,6
coursework,,4
central,,
prompt,,3
contexts,,4
introduce,,
larger,,
institute,,4
lecture,,4
guest,,
critiques,,3
talent,,
supports,,
complete,,
editorial,3,6
peers,,4
labs,,4
experts,,
focuses,,
skill,,
include,,
addition,,
hall,,
further,,
giving,,
workshops,,
exhibitions,3,4
museum,3,3
artists,3,
practical,,7
residence,,
portfolio,,6
takes,,
vip,,
tour,,
bay,,
success,,8
